CompanyID,SecurityID,MfSchemeAssetAllocationID,Name,SectorName,EquitySectorName,Type,NoOfShare,PrevNoOfShare,SharesZG,MarketValue,PrevMarketValue,MarketValueZG,HoldingPercentage,Priority,SecuritySlug,McapCategory,Month
134131,90516,1,Polycab India Ltd.,Electricals,Electricals,Domestic Equities,21436.0,20949.0,2.324693302782949,15.61827,14.854936,5.138588277997292,5.24352567967271,1100,polycab-india,Mid Cap,Sep-2025
114530,88033,1,HDFC Asset Management Company Ltd.,Finance,Finance,Domestic Equities,27481.0,26857.0,2.323416613918159,15.203862999999998,14.671978999999999,3.6251687655768867,5.10439671427922,1100,hdfc-asset-management-company,Mid Cap,Sep-2025
97859,90258,1,Metropolis Healthcare Ltd.,Healthcare,Healthcare,Domestic Equities,70517.0,68917.0,2.321633269004745,14.357261000000001,15.082484999999998,-4.808385355596232,4.82016681381891,1100,metropolis-healthcare,Small Cap,Sep-2025
77293,6578,1,Muthoot Finance Ltd.,Finance,Finance,Domestic Equities,46324.0,45252.0,2.368956068240078,14.254358,11.936573000000001,19.417507855897995,4.78561916398219,1100,muthoot-finance,Mid Cap,Sep-2025
171576,15890,1,Dr. Lal Pathlabs Ltd.,Healthcare,Healthcare,Domestic Equities,44506.0,43496.0,2.3220526025381645,13.877416,14.392391,-3.578105958905643,4.65906833237618,1100,dr-lal-pathlabs,Small Cap,Sep-2025
19182,5589,1,Coromandel International Ltd.,Chemicals,Chemicals,Domestic Equities,55649.0,54386.0,2.3222888243297906,12.512121,12.558271,-0.36748689369738946,4.20069750175098,1100,coromandel-international,Mid Cap,Sep-2025
37962,6229,1,Gillette India Ltd.,FMCG,Fast Moving Consumer Goods,Domestic Equities,13010.0,13444.0,-3.228205891103838,12.33348,13.571718,-9.12366437322085,4.14072231429792,1100,gillette-india,Small Cap,Sep-2025
38931,15891,1,Alkem Laboratories Ltd.,Healthcare,Healthcare,Domestic Equities,22612.0,22099.0,2.3213720077831574,12.26701,11.720205,4.665490066086722,4.11840632463147,1100,alkem-laboratories,Mid Cap,Sep-2025
171327,5699,1,Marico Ltd.,FMCG,Fast Moving Consumer Goods,Domestic Equities,169301.0,165435.0,2.3368694653489284,11.807052,12.008099,-1.6742616795547627,3.96398451065522,1100,marico,Mid Cap,Sep-2025
19255,6350,1,Mphasis Ltd.,IT,Information Technology,Domestic Equities,44114.0,43113.0,2.3218054879038807,11.711385,12.019903999999999,-2.56673431002443,3.93186620490194,1100,mphasis,Mid Cap,Sep-2025
650,8558,1,V-Guard Industries Ltd.,Capital Goods,Capital Goods,Domestic Equities,310271.0,303229.0,2.322337243469457,11.650676,11.017826,5.7438736099118,3.91148435720131,1100,v-guard-industries,Small Cap,Sep-2025
171387,6208,1,Pidilite Industries Ltd.,Chemicals,Chemicals,Domestic Equities,77444.0,37859.0,104.55902163290102,11.368779,11.548131000000001,-1.5530824858152477,3.81684300713356,1100,pidilite-industries,Large Cap,Sep-2025
133635,5732,1,Indraprastha Gas Ltd.,Gas Transmission,Gas Transmission,Domestic Equities,543130.0,530803.0,2.322330506798191,11.326433,10.973821000000001,3.2132107859240566,3.80262617399958,1100,indraprastha-gas,Small Cap,Sep-2025
77639,92991,1,SBI Cards And Payment Services Ltd.,Finance,Finance,Domestic Equities,125198.0,122377.0,2.3051717234447646,10.979239,9.832992,11.657153794084238,3.68606264584773,1100,sbi-cards-and-payment-services,Mid Cap,Sep-2025
171639,5614,1,Havells India Ltd.,Capital Goods,Capital Goods,Domestic Equities,72151.0,70514.0,2.321524803585104,10.83708,10.757616,0.7386766733447299,3.63833556934715,1100,havells-india,Large Cap,Sep-2025
19174,6780,1,Bayer CropScience Ltd.,Chemicals,Chemicals,Domestic Equities,22482.0,21971.0,2.32579309089254,10.814966,11.494129000000001,-5.90878177894124,3.63091123061564,1100,bayer-cropscience,Small Cap,Sep-2025
133657,7260,1,Coforge Ltd.,IT,Information Technology,Domestic Equities,67968.0,66426.0,2.3213801824586757,10.813709,11.453835,-5.588748222756834,3.63048921769235,1100,coforge,Mid Cap,Sep-2025
165,7447,1,SRF Ltd.,Chemicals,Chemicals,Domestic Equities,37546.0,36694.0,2.321905488635744,10.601488999999999,10.407886000000001,1.860156808020363,3.55924054420034,1100,srf,Mid Cap,Sep-2025
152367,6359,1,Abbott India Ltd.,Healthcare,Healthcare,Domestic Equities,3594.0,3515.0,2.2475106685633,10.526826000000002,11.06522,-4.865642074897729,3.53417391660193,1100,abbott-india,Mid Cap,Sep-2025
171321,7864,1,Page Industries Ltd.,Textile,Textile,Domestic Equities,2581.0,2522.0,2.3394131641554323,10.500798999999999,11.181287,-6.0859541482121,3.52543586540517,1100,page-industries,Mid Cap,Sep-2025
133642,6320,1,Petronet LNG Ltd.,Inds. Gases & Fuels,Industrials Gases & Fuels,Domestic Equities,375757.0,367228.0,2.3225353186576188,10.476105,9.896795,5.8535111619468765,3.51714534263063,1100,petronet-lng,Mid Cap,Sep-2025
133850,17036,1,Mahanagar Gas Ltd.,Gas Transmission,Gas Transmission,Domestic Equities,79536.0,77731.0,2.3221108695372505,10.300707,9.730367,5.861443869486114,3.45825892837584,1100,mahanagar-gas,Small Cap,Sep-2025
352,7184,1,Ipca Laboratories Ltd.,Healthcare,Healthcare,Domestic Equities,73458.0,71791.0,2.322018080260757,9.836026,9.938746,-1.0335307894979844,3.30225146043246,1100,ipca-laboratories,Mid Cap,Sep-2025
133495,5019,1,Ajanta Pharma Ltd.,Healthcare,Healthcare,Domestic Equities,39569.0,41101.0,-3.7274032261988763,9.521488,10.183184,-6.497928349325706,3.19665153929952,1100,ajanta-pharma,Mid Cap,Sep-2025
58595,86782,1,Indian Energy Exchange Ltd.,Power,Power,Domestic Equities,627634.0,613388.0,2.3225103849439503,8.736038,8.575164,1.876045752594353,2.93295221504025,1100,indian-energy-exchange,Small Cap,Sep-2025
97859,90258,1,Metropolis Healthcare Ltd.,Healthcare,Healthcare,Domestic Equities,68917.0,66643.0,3.412211335023933,15.082484999999998,13.297278,13.425356678261524,5.14937398811244,1100,metropolis-healthcare,Small Cap,Aug-2025
134131,90516,1,Polycab India Ltd.,Electricals,Electricals,Domestic Equities,20949.0,20258.0,3.410998124197848,14.854936,13.817982,7.50438088571834,5.07168553679815,1100,polycab-india,Mid Cap,Aug-2025
114530,88033,1,HDFC Asset Management Company Ltd.,Finance,Finance,Domestic Equities,26857.0,25972.0,3.407515786231326,14.671979,14.67418,-0.0149991345342637,5.00922142582816,1100,hdfc-asset-management-company,Mid Cap,Aug-2025
171576,15890,1,Dr. Lal Pathlabs Ltd.,Healthcare,Healthcare,Domestic Equities,43496.0,42061.0,3.4117115617793203,14.392391,13.253,8.597230815664382,4.91376612289974,1100,dr-lal-pathlabs,Small Cap,Aug-2025
37962,6229,1,Gillette India Ltd.,FMCG,Fast Moving Consumer Goods,Domestic Equities,13444.0,13001.0,3.407430197677102,13.571718,14.083983,-3.63721682992659,4.63357673773237,1100,gillette-india,Small Cap,Aug-2025
19182,5589,1,Coromandel International Ltd.,Chemicals,Chemicals,Domestic Equities,54386.0,52592.0,3.4111651962275635,12.558271,14.154611,-11.277879695881436,4.28757157875952,1100,coromandel-international,Mid Cap,Aug-2025
19255,6350,1,Mphasis Ltd.,IT,Information Technology,Domestic Equities,43113.0,41691.0,3.410808088076563,12.019904,11.632623,3.329266322823306,4.10376546021485,1100,mphasis,Mid Cap,Aug-2025
171327,5699,1,Marico Ltd.,FMCG,Fast Moving Consumer Goods,Domestic Equities,165435.0,160001.0,3.396228773570165,12.008099,11.356871000000002,5.734220279511836,4.09973506602387,1100,marico,Mid Cap,Aug-2025
77293,6578,1,Muthoot Finance Ltd.,Finance,Finance,Domestic Equities,45252.0,43760.0,3.409506398537477,11.936573,11.431425,4.418941645507901,4.07531507662068,1100,muthoot-finance,Mid Cap,Aug-2025
38931,15891,1,Alkem Laboratories Ltd.,Healthcare,Healthcare,Domestic Equities,22099.0,21370.0,3.41132428638278,11.720205,10.751461,9.01034752393188,4.00144397705984,1100,alkem-laboratories,Mid Cap,Aug-2025
171387,6208,1,Pidilite Industries Ltd.,Chemicals,Chemicals,Domestic Equities,37859.0,36584.0,3.4851301115241635,11.548131,10.498876,9.99397459308978,3.94269547642281,1100,pidilite-industries,Large Cap,Aug-2025
19174,6780,1,Bayer CropScience Ltd.,Chemicals,Chemicals,Domestic Equities,21971.0,21247.0,3.407539887984186,11.494129,13.433416,-14.436290813892755,3.92425842880724,1100,bayer-cropscience,Small Cap,Aug-2025
133657,7260,1,Coforge Ltd.,IT,Information Technology,Domestic Equities,66426.0,64235.0,3.410913053631198,11.453835,11.229563,1.997156968619336,3.91050148653434,1100,coforge,Mid Cap,Aug-2025
171321,7864,1,Page Industries Ltd.,Textile,Textile,Domestic Equities,2522.0,2439.0,3.403034030340303,11.181287,11.90354,-6.067547973123967,3.81744973931151,1100,page-industries,Mid Cap,Aug-2025
152367,6359,1,Abbott India Ltd.,Healthcare,Healthcare,Domestic Equities,3515.0,3397.0,3.47365322343244,11.06522,11.687379,-5.323340673730196,3.77782282168631,1100,abbott-india,Mid Cap,Aug-2025
650,8558,1,V-Guard Industries Ltd.,Capital Goods,Capital Goods,Domestic Equities,303229.0,293227.0,3.4110092181142937,11.017826,11.202738,-1.6505964881085264,3.76164183885805,1100,v-guard-industries,Small Cap,Aug-2025
133635,5732,1,Indraprastha Gas Ltd.,Gas Transmission,Gas Transmission,Domestic Equities,530803.0,513294.0,3.411105526267597,10.973821,10.525093,4.263411259168931,3.74661790862726,1100,indraprastha-gas,Small Cap,Aug-2025
171639,5614,1,Havells India Ltd.,Capital Goods,Capital Goods,Domestic Equities,70514.0,68188.0,3.4111573883967856,10.757616,10.232291,5.133991986740802,3.67280245957494,1100,havells-india,Large Cap,Aug-2025
165,7447,1,SRF Ltd.,Chemicals,Chemicals,Domestic Equities,36694.0,35497.0,3.372115953460856,10.407886,10.793928,-3.576473735974521,3.55339968444455,1100,srf,Mid Cap,Aug-2025
133495,5019,1,Ajanta Pharma Ltd.,Healthcare,Healthcare,Domestic Equities,41101.0,39745.0,3.411749905648509,10.183184,10.935439,-6.879056250050858,3.47668323925154,1100,ajanta-pharma,Mid Cap,Aug-2025
352,7184,1,Ipca Laboratories Ltd.,Healthcare,Healthcare,Domestic Equities,71791.0,69423.0,3.4109733085576828,9.938746,10.232256,-2.868477880146861,3.39322864414296,1100,ipca-laboratories,Mid Cap,Aug-2025
133642,6320,1,Petronet LNG Ltd.,Inds. Gases & Fuels,Industrials Gases & Fuels,Domestic Equities,367228.0,355115.0,3.411007701730425,9.896795,10.234414,-3.298860100832356,3.37890597860241,1100,petronet-lng,Mid Cap,Aug-2025
77639,92991,1,SBI Cards And Payment Services Ltd.,Finance,Finance,Domestic Equities,122377.0,118340.0,3.4113571066418795,9.832992,9.554772,2.9118434223234213,3.35712273077796,1100,sbi-cards-and-payment-services,Mid Cap,Aug-2025
133850,17036,1,Mahanagar Gas Ltd.,Gas Transmission,Gas Transmission,Domestic Equities,77731.0,75167.0,3.411071347798901,9.730367,10.20843,-4.683021777099904,3.32208510232814,1100,mahanagar-gas,Small Cap,Aug-2025
58595,86782,1,Indian Energy Exchange Ltd.,Power,Power,Domestic Equities,613388.0,593156.0,3.410907080093601,8.575164,8.025401,6.850286982544539,2.92768243730381,1100,indian-energy-exchange,Small Cap,Aug-2025
114530,88033,1,HDFC Asset Management Company Ltd.,Finance,Finance,Domestic Equities,25972.0,25580.0,1.532447224394058,14.67418,13.280624,10.493151526615003,5.03999823571314,1100,hdfc-asset-management-company,Mid Cap,Jul-2025
19182,5589,1,Coromandel International Ltd.,Chemicals,Chemicals,Domestic Equities,52592.0,51796.0,1.5367982083558576,14.154611,12.975934,9.083561923172546,4.86154691214131,1100,coromandel-international,Mid Cap,Jul-2025
37962,6229,1,Gillette India Ltd.,FMCG,Fast Moving Consumer Goods,Domestic Equities,13001.0,12805.0,1.5306520890277235,14.083983,13.969615,0.8186911378731753,4.83728899821413,1100,gillette-india,Small Cap,Jul-2025
134131,90516,1,Polycab India Ltd.,Electricals,Electricals,Domestic Equities,20258.0,19953.0,1.5285921916503784,13.817982,13.07121,5.7131053666798906,4.7459282154857,1100,polycab-india,Mid Cap,Jul-2025
19174,6780,1,Bayer CropScience Ltd.,Chemicals,Chemicals,Domestic Equities,21247.0,20926.0,1.5339768708783332,13.433416,13.171871,1.9856328687093785,4.61384506252483,1100,bayer-cropscience,Small Cap,Jul-2025
97859,90258,1,Metropolis Healthcare Ltd.,Healthcare,Healthcare,Domestic Equities,66643.0,65638.0,1.5311252628050824,13.297278,11.199156,18.734643932096297,4.56708706447564,1100,metropolis-healthcare,Small Cap,Jul-2025
171576,15890,1,Dr. Lal Pathlabs Ltd.,Healthcare,Healthcare,Domestic Equities,42061.0,41427.0,1.5304028773505205,13.253,11.584232,14.405512596778102,4.55187932940077,1100,dr-lal-pathlabs,Small Cap,Jul-2025
171321,7864,1,Page Industries Ltd.,Textile,Textile,Domestic Equities,2439.0,2402.0,1.5403830141548709,11.90354,11.868282,0.2970775382654471,4.08839339566101,1100,page-industries,Mid Cap,Jul-2025
152367,6359,1,Abbott India Ltd.,Healthcare,Healthcare,Domestic Equities,3397.0,3345.0,1.554559043348281,11.687379,11.931615,-2.046965142606416,4.01415067418492,1100,abbott-india,Mid Cap,Jul-2025
19255,6350,1,Mphasis Ltd.,IT,Information Technology,Domestic Equities,41691.0,41062.0,1.531829915737178,11.632623,11.683781,-0.4378548348347003,3.9953441621076,1100,mphasis,Mid Cap,Jul-2025
77293,6578,1,Muthoot Finance Ltd.,Finance,Finance,Domestic Equities,43760.0,43100.0,1.531322505800464,11.431425,11.309009,1.082464431675652,3.92624063707049,1100,muthoot-finance,Mid Cap,Jul-2025
171327,5699,1,Marico Ltd.,FMCG,Fast Moving Consumer Goods,Domestic Equities,160001.0,157587.0,1.531852246695476,11.356871000000002,11.383297,-0.2321471538518148,3.90063429801336,1100,marico,Mid Cap,Jul-2025
133657,7260,1,Coforge Ltd.,IT,Information Technology,Domestic Equities,64235.0,63266.0,1.5316283627856986,11.229563,12.175542,-7.769502170827383,3.85690905439551,1100,coforge,Mid Cap,Jul-2025
650,8558,1,V-Guard Industries Ltd.,Capital Goods,Capital Goods,Domestic Equities,293227.0,288804.0,1.5314884835390092,11.202738,11.185379,0.1551936684487759,3.84769573190165,1100,v-guard-industries,Small Cap,Jul-2025
133495,5019,1,Ajanta Pharma Ltd.,Healthcare,Healthcare,Domestic Equities,39745.0,39146.0,1.530169110509375,10.935439,10.076572,8.523404586401002,3.75588913770641,1100,ajanta-pharma,Mid Cap,Jul-2025
165,7447,1,SRF Ltd.,Chemicals,Chemicals,Domestic Equities,35497.0,34948.0,1.570905345084125,10.793928,11.330491,-4.735567064128102,3.70728572747606,1100,srf,Mid Cap,Jul-2025
38931,15891,1,Alkem Laboratories Ltd.,Healthcare,Healthcare,Domestic Equities,21370.0,21048.0,1.52983656404409,10.751461,10.395607,3.423119015561086,3.69269999900087,1100,alkem-laboratories,Mid Cap,Jul-2025
133635,5732,1,Indraprastha Gas Ltd.,Gas Transmission,Gas Transmission,Domestic Equities,513294.0,505552.0,1.531395385637877,10.525093,11.014461,-4.442959124372945,3.61495157826309,1100,indraprastha-gas,Small Cap,Jul-2025
171387,6208,1,Pidilite Industries Ltd.,Chemicals,Chemicals,Domestic Equities,36584.0,36043.0,1.5009849346613768,10.498876,11.008974,-4.633474472734702,3.60594707963042,1100,pidilite-industries,Large Cap,Jul-2025
133642,6320,1,Petronet LNG Ltd.,Inds. Gases & Fuels,Industrials Gases & Fuels,Domestic Equities,355115.0,349759.0,1.531340151361366,10.234414,10.559224,-3.0760783178763784,3.5151148823006,1100,petronet-lng,Mid Cap,Jul-2025
171639,5614,1,Havells India Ltd.,Capital Goods,Capital Goods,Domestic Equities,68188.0,67159.0,1.5321848151401898,10.232291,10.417032,-1.7734514015124374,3.51438571608795,1100,havells-india,Large Cap,Jul-2025
352,7184,1,Ipca Laboratories Ltd.,Healthcare,Healthcare,Domestic Equities,69423.0,68376.0,1.5312390312390312,10.232256,9.502896,7.675133980209827,3.51437369497752,1100,ipca-laboratories,Mid Cap,Jul-2025
133850,17036,1,Mahanagar Gas Ltd.,Gas Transmission,Gas Transmission,Domestic Equities,75167.0,74033.0,1.531749355017357,10.20843,10.980574999999998,-7.031917727441408,3.50619040991736,1100,mahanagar-gas,Small Cap,Jul-2025
77639,92991,1,SBI Cards And Payment Services Ltd.,Finance,Finance,Domestic Equities,118340.0,116555.0,1.5314658315816567,9.554772,11.108857,-13.989603070774969,3.28168483844694,1100,sbi-cards-and-payment-services,Mid Cap,Jul-2025
58595,86782,1,Indian Energy Exchange Ltd.,Power,Power,Domestic Equities,593156.0,584209.0,1.5314724696127584,8.025401,11.28166,-28.86329671342692,2.7564066190336,1100,indian-energy-exchange,Small Cap,Jul-2025
37962,6229,1,Gillette India Ltd.,FMCG,Fast Moving Consumer Goods,Domestic Equities,12805.0,12664.0,1.1133922931143398,13.969615,11.933287,17.064267372434756,4.81663954643424,1100,gillette-india,Small Cap,Jun-2025
114530,88033,1,HDFC Asset Management Company Ltd.,Finance,Finance,Domestic Equities,25580.0,25317.0,1.038827665205198,13.280624,12.109121,9.674550283212136,4.5790795780502,1100,hdfc-asset-management-company,Mid Cap,Jun-2025
19174,6780,1,Bayer CropScience Ltd.,Chemicals,Chemicals,Domestic Equities,20926.0,20711.0,1.0380956979382936,13.171871,11.760327,12.002591424541183,4.54158219529531,1100,bayer-cropscience,Small Cap,Jun-2025
134131,90516,1,Polycab India Ltd.,Electricals,Electricals,Domestic Equities,19953.0,19748.0,1.0380798055499292,13.07121,11.831027,10.48246276506682,4.50687488565338,1100,polycab-india,Mid Cap,Jun-2025
19182,5589,1,Coromandel International Ltd.,Chemicals,Chemicals,Domestic Equities,51796.0,51267.0,1.031852848811126,12.975934,11.737067,10.555166806153531,4.47402429174466,1100,coromandel-international,Mid Cap,Jun-2025
133657,7260,1,Coforge Ltd.,IT,Information Technology,Domestic Equities,63266.0,12523.0,405.1984348798212,12.175542,10.707791,13.707318344185095,4.19805392607248,1100,coforge,Mid Cap,Jun-2025
152367,6359,1,Abbott India Ltd.,Healthcare,Healthcare,Domestic Equities,3345.0,3311.0,1.0268800966475389,11.931615,10.083651,18.32633834709273,4.11394935807665,1100,abbott-india,Mid Cap,Jun-2025
171321,7864,1,Page Industries Ltd.,Textile,Textile,Domestic Equities,2402.0,2378.0,1.0092514718250631,11.868282,11.029164000000002,7.608174110023194,4.09211251916632,1100,page-industries,Mid Cap,Jun-2025
19255,6350,1,Mphasis Ltd.,IT,Information Technology,Domestic Equities,41062.0,40641.0,1.0358997071922444,11.683781,10.399219,12.352485316445383,4.02849767989146,1100,mphasis,Mid Cap,Jun-2025
171576,15890,1,Dr. Lal Pathlabs Ltd.,Healthcare,Healthcare,Domestic Equities,41427.0,40974.0,1.1055791477522332,11.584232,11.417815,1.45752055012276,3.99417378118645,1100,dr-lal-pathlabs,Small Cap,Jun-2025
171327,5699,1,Marico Ltd.,FMCG,Fast Moving Consumer Goods,Domestic Equities,157587.0,155895.0,1.085345905898201,11.383297,11.169097,1.9177915636331275,3.92489259718369,1100,marico,Mid Cap,Jun-2025
165,7447,1,SRF Ltd.,Chemicals,Chemicals,Domestic Equities,34948.0,34590.0,1.0349812084417462,11.330491,9.896199,14.493362552632574,3.90668540479585,1100,srf,Mid Cap,Jun-2025
77293,6578,1,Muthoot Finance Ltd.,Finance,Finance,Domestic Equities,43100.0,42658.0,1.0361479675559098,11.309009,9.450453,19.6663165247211,3.89927853991543,1100,muthoot-finance,Mid Cap,Jun-2025
58595,86782,1,Indian Energy Exchange Ltd.,Power,Power,Domestic Equities,584209.0,578217.0,1.036289144041078,11.28166,11.596142,-2.7119536825264854,3.88984876858992,1100,indian-energy-exchange,Small Cap,Jun-2025
97859,90258,1,Metropolis Healthcare Ltd.,Healthcare,Healthcare,Domestic Equities,65638.0,64965.0,1.0359424305395213,11.199156,10.91477,2.605515278837754,3.86140188375172,1100,metropolis-healthcare,Small Cap,Jun-2025
650,8558,1,V-Guard Industries Ltd.,Capital Goods,Capital Goods,Domestic Equities,288804.0,285842.0,1.0362368021494393,11.185379,10.843416,3.153646415483835,3.85665165670314,1100,v-guard-industries,Small Cap,Jun-2025
77639,92991,1,SBI Cards And Payment Services Ltd.,Finance,Finance,Domestic Equities,116555.0,115347.0,1.047274744900171,11.108857,10.624035,4.563445056421609,3.83026732962096,1100,sbi-cards-and-payment-services,Mid Cap,Jun-2025
133635,5732,1,Indraprastha Gas Ltd.,Gas Transmission,Gas Transmission,Domestic Equities,505552.0,500367.0,1.0362394002801942,11.014461,10.340584,6.516817618811471,3.7977201544393,1100,indraprastha-gas,Small Cap,Jun-2025
171387,6208,1,Pidilite Industries Ltd.,Chemicals,Chemicals,Domestic Equities,36043.0,35673.0,1.0371990020463655,11.008974,11.084314999999998,-0.6797082183247096,3.79582826971726,1100,pidilite-industries,Large Cap,Jun-2025
133850,17036,1,Mahanagar Gas Ltd.,Gas Transmission,Gas Transmission,Domestic Equities,74033.0,73274.0,1.035838087179627,10.980574999999998,9.71027,13.082077017425863,3.78603646468333,1100,mahanagar-gas,Small Cap,Jun-2025
133642,6320,1,Petronet LNG Ltd.,Inds. Gases & Fuels,Industrials Gases & Fuels,Domestic Equities,349759.0,346171.0,1.036481969893492,10.559224,10.637835,-0.7389755528263108,3.64075716460744,1100,petronet-lng,Mid Cap,Jun-2025
171639,5614,1,Havells India Ltd.,Capital Goods,Capital Goods,Domestic Equities,67159.0,66470.0,1.0365578456446518,10.417032,10.149969,2.6311705976638886,3.59173021501816,1100,havells-india,Large Cap,Jun-2025
38931,15891,1,Alkem Laboratories Ltd.,Healthcare,Healthcare,Domestic Equities,21048.0,20832.0,1.036866359447005,10.395607,10.621195,-2.1239417975096044,3.5843430033962,1100,alkem-laboratories,Mid Cap,Jun-2025
133495,5019,1,Ajanta Pharma Ltd.,Healthcare,Healthcare,Domestic Equities,39146.0,38744.0,1.037580012389015,10.076572,9.727844,3.584843671424005,3.47434164704553,1100,ajanta-pharma,Mid Cap,Jun-2025
352,7184,1,Ipca Laboratories Ltd.,Healthcare,Healthcare,Domestic Equities,68376.0,67712.0,0.9806238185255198,9.502896,9.647606,-1.4999576060631004,3.27654159969704,1100,ipca-laboratories,Mid Cap,Jun-2025
95548,5980,1,Persistent Systems Ltd.,IT,Information Technology,Domestic Equities,20105.0,19795.0,1.5660520333417531,12.983206,11.690234,11.060274755834651,5.03318996812746,1100,persistent-systems,Mid Cap,Dec-2024
352,7184,1,Ipca Laboratories Ltd.,Healthcare,Healthcare,Domestic Equities,74010.0,72826.0,1.6257929860214757,12.546175,11.233775,11.682626721649669,4.86376648020308,1100,ipca-laboratories,Mid Cap,Dec-2024
37962,6229,1,Gillette India Ltd.,FMCG,Fast Moving Consumer Goods,Domestic Equities,12969.0,12762.0,1.622002820874471,12.38948,12.522968,-1.065945389303876,4.80302064423193,1100,gillette-india,Small Cap,Dec-2024
171698,8307,1,Oracle Financial Services Software Ltd.,IT,Information Technology,Domestic Equities,9657.0,9503.0,1.6205408818267917,12.350772,11.115136,11.116697087646967,4.78801474220077,1100,oracle-financial-services-software,Mid Cap,Dec-2024
77293,6578,1,Muthoot Finance Ltd.,Finance,Finance,Domestic Equities,56385.0,55532.0,1.5360512857451558,12.044682,10.645762,13.14062816734021,4.66935305591588,1100,muthoot-finance,Mid Cap,Dec-2024
19182,5589,1,Coromandel International Ltd.,Chemicals,Chemicals,Domestic Equities,63880.0,62860.0,1.6226535157492843,12.009121,11.245654,6.788995997920624,4.65556714907156,1100,coromandel-international,Mid Cap,Dec-2024
152367,6359,1,Abbott India Ltd.,Healthcare,Healthcare,Domestic Equities,3808.0,3744.0,1.7094017094017095,11.325373,10.379641,9.111413390887032,4.39049906231955,1100,abbott-india,Mid Cap,Dec-2024
133642,6320,1,Petronet LNG Ltd.,Inds. Gases & Fuels,Industrials Gases & Fuels,Domestic Equities,320783.0,315661.0,1.6226268053386388,11.105507,10.514668,5.619188356684214,4.30526377101074,1100,petronet-lng,Mid Cap,Dec-2024
114530,88033,1,HDFC Asset Management Company Ltd.,Finance,Finance,Domestic Equities,25276.0,24872.0,1.6243165004824704,10.613518999999998,10.456811,1.4986213291987271,4.11453514311721,1100,hdfc-asset-management-company,Mid Cap,Dec-2024
650,8558,1,V-Guard Industries Ltd.,Capital Goods,Capital Goods,Domestic Equities,250059.0,246066.0,1.6227353636829145,10.564993,10.259722,2.9754314980464405,4.09572310421146,1100,v-guard-industries,Small Cap,Dec-2024
97859,90258,1,Metropolis Healthcare Ltd.,Healthcare,Healthcare,Domestic Equities,49034.0,48252.0,1.620658211058609,10.182646,10.333648,-1.461265179537767,3.94749892254603,1100,metropolis-healthcare,Small Cap,Dec-2024
171327,5699,1,Marico Ltd.,FMCG,Fast Moving Consumer Goods,Domestic Equities,159136.0,156595.0,1.6226571729620998,10.176747,10.099595,0.7639118202264528,3.94521206153328,1100,marico,Mid Cap,Dec-2024
38931,15891,1,Alkem Laboratories Ltd.,Healthcare,Healthcare,Domestic Equities,17936.0,17643.0,1.6607152978518391,10.104963,9.954975,1.506663753550368,3.91738361078914,1100,alkem-laboratories,Mid Cap,Dec-2024
133495,5019,1,Ajanta Pharma Ltd.,Healthcare,Healthcare,Domestic Equities,33913.0,33392.0,1.560253953042645,9.94397,10.092899,-1.4755819908630752,3.85497157230351,1100,ajanta-pharma,Mid Cap,Dec-2024
171968,4931,1,Zydus Lifesciences Ltd.,Healthcare,Healthcare,Domestic Equities,102181.0,100550.0,1.6220785678766785,9.928928,9.712627,2.2270082028271005,3.84914025117216,1100,zydus-lifesciences,Large Cap,Dec-2024
171576,15890,1,Dr. Lal Pathlabs Ltd.,Healthcare,Healthcare,Domestic Equities,32312.0,31804.0,1.5972833605835746,9.694892,9.550423,1.5126973957069785,3.7584116863338,1100,dr-lal-pathlabs,Small Cap,Dec-2024
58595,86782,1,Indian Energy Exchange Ltd.,Power,Power,Domestic Equities,529782.0,521323.0,1.622602494039204,9.630377,9.18519,4.846791410956111,3.73340120349977,1100,indian-energy-exchange,Small Cap,Dec-2024
171387,6208,1,Pidilite Industries Ltd.,Chemicals,Chemicals,Domestic Equities,33057.0,32540.0,1.5888137676705594,9.600579,9.977415,-3.7768901063050855,3.72184943464774,1100,pidilite-industries,Large Cap,Dec-2024
171639,5614,1,Havells India Ltd.,Capital Goods,Capital Goods,Domestic Equities,55188.0,54307.0,1.6222586406908868,9.244542,9.329943,-0.915343212707724,3.58382483142707,1100,havells-india,Large Cap,Dec-2024
171799,4956,1,Dabur India Ltd.,FMCG,Fast Moving Consumer Goods,Domestic Equities,178314.0,175467.0,1.622527312828053,9.04052,9.249743,-2.2619331153308746,3.50473177200267,1100,dabur-india,Large Cap,Dec-2024
137768,15760,1,Gujarat Gas Ltd.,Gas Transmission,Gas Transmission,Domestic Equities,179390.0,176526.0,1.622423892231173,8.946178999999999,8.468835,5.636477744577611,3.4681586655771,1100,gujarat-gas,Mid Cap,Dec-2024
152118,7308,1,PI Industries Ltd.,Chemicals,Chemicals,Domestic Equities,23317.0,22944.0,1.625697350069735,8.59383,9.327883,-7.869449048621215,3.33156378661733,1100,pi-industries,Mid Cap,Dec-2024
152318,6472,1,Sundram Fasteners Ltd.,Automobile & Ancillaries,Automobile & Ancillaries,Domestic Equities,78726.0,77469.0,1.622584517678039,8.338658,8.925590999999999,-6.575844669557446,3.23264144412757,1100,sundram-fasteners,Small Cap,Dec-2024
171820,5969,1,Colgate-Palmolive (India) Ltd.,FMCG,Fast Moving Consumer Goods,Domestic Equities,28891.0,28449.0,1.553657422053499,7.744666,8.22105,-5.794685593689376,3.00236900020672,1100,colgate-palmolive-india,Mid Cap,Dec-2024
133850,17036,1,Mahanagar Gas Ltd.,Gas Transmission,Gas Transmission,Domestic Equities,57644.0,56724.0,1.6218884422819264,7.403795,6.760083,9.52224994870626,2.87022378910665,1100,mahanagar-gas,Small Cap,Dec-2024
77293,6578,1,Muthoot Finance Ltd.,Finance,Finance,Domestic Equities,57461.0,56385.0,1.9083089474150927,12.979291,12.044682,7.759515776340134,5.25958541712184,1100,muthoot-finance,Mid Cap,Jan-2025
95548,5980,1,Persistent Systems Ltd.,IT,Information Technology,Domestic Equities,20477.0,20105.0,1.850285998507834,12.352955,12.983206,-4.854355696120054,5.00577589148454,1100,persistent-systems,Mid Cap,Jan-2025
19182,5589,1,Coromandel International Ltd.,Chemicals,Chemicals,Domestic Equities,65047.0,63880.0,1.82686286787727,11.77058,12.009121,-1.986331888903444,4.76978063894753,1100,coromandel-international,Mid Cap,Jan-2025
37962,6229,1,Gillette India Ltd.,FMCG,Fast Moving Consumer Goods,Domestic Equities,13206.0,12969.0,1.8274346518621327,11.366734,12.38948,-8.25495501021836,4.60613051873966,1100,gillette-india,Small Cap,Jan-2025
352,7184,1,Ipca Laboratories Ltd.,Healthcare,Healthcare,Domestic Equities,75360.0,74010.0,1.8240778273206324,10.876709,12.546175,-13.306573517426626,4.4075581665191,1100,ipca-laboratories,Mid Cap,Jan-2025
171327,5699,1,Marico Ltd.,FMCG,Fast Moving Consumer Goods,Domestic Equities,162055.0,159136.0,1.834280112608084,10.868219,10.176747,6.794627006056049,4.40411777210993,1100,marico,Mid Cap,Jan-2025
133642,6320,1,Petronet LNG Ltd.,Inds. Gases & Fuels,Industrials Gases & Fuels,Domestic Equities,327026.0,320783.0,1.946175451941032,10.340562,11.105507,-6.887979090013633,4.19029584127856,1100,petronet-lng,Mid Cap,Jan-2025
152367,6359,1,Abbott India Ltd.,Healthcare,Healthcare,Domestic Equities,3873.0,3808.0,1.7069327731092436,10.136919,11.325373,-10.493729433900317,4.10777378725427,1100,abbott-india,Mid Cap,Jan-2025
171968,4931,1,Zydus Lifesciences Ltd.,Healthcare,Healthcare,Domestic Equities,104048.0,102181.0,1.8271498615202435,10.095257,9.928928,1.6751959526748572,4.09089113567892,1100,zydus-lifesciences,Large Cap,Jan-2025
114530,88033,1,HDFC Asset Management Company Ltd.,Finance,Finance,Domestic Equities,25731.0,25276.0,1.8001266023104925,9.95764,10.613518999999998,-6.179656342067121,4.03512473315754,1100,hdfc-asset-management-company,Mid Cap,Jan-2025
171387,6208,1,Pidilite Industries Ltd.,Chemicals,Chemicals,Domestic Equities,33661.0,33057.0,1.827147049036513,9.666429,9.600579,0.6858961318895492,3.91711758400699,1100,pidilite-industries,Large Cap,Jan-2025
171799,4956,1,Dabur India Ltd.,FMCG,Fast Moving Consumer Goods,Domestic Equities,181800.0,178314.0,1.9549782967125409,9.632673,9.04052,6.549988275010725,3.9034386730911,1100,dabur-india,Large Cap,Jan-2025
58595,86782,1,Indian Energy Exchange Ltd.,Power,Power,Domestic Equities,539647.0,529782.0,1.862086669611274,9.422237,9.630377,-2.161286105414146,3.81816389831046,1100,indian-energy-exchange,Small Cap,Jan-2025
171576,15890,1,Dr. Lal Pathlabs Ltd.,Healthcare,Healthcare,Domestic Equities,32903.0,32312.0,1.829041842040109,9.38739,9.694892,-3.1717939715058145,3.80404288252998,1100,dr-lal-pathlabs,Small Cap,Jan-2025
133495,5019,1,Ajanta Pharma Ltd.,Healthcare,Healthcare,Domestic Equities,34532.0,33913.0,1.8252587503317312,9.304475,9.94397,-6.430982796609408,3.77044331804986,1100,ajanta-pharma,Mid Cap,Jan-2025
650,8558,1,V-Guard Industries Ltd.,Capital Goods,Capital Goods,Domestic Equities,254628.0,250059.0,1.8271687881659928,9.279917,10.564993,-12.163529119233672,3.76049170369175,1100,v-guard-industries,Small Cap,Jan-2025
38931,15891,1,Alkem Laboratories Ltd.,Healthcare,Healthcare,Domestic Equities,18263.0,17936.0,1.823148974130241,9.246648,10.104963,-8.493994485679957,3.74701013931029,1100,alkem-laboratories,Mid Cap,Jan-2025
171698,8307,1,Oracle Financial Services Software Ltd.,IT,Information Technology,Domestic Equities,9840.0,9657.0,1.8949984467225849,8.976097,12.350772,-27.323595642442434,3.6373750217844,1100,oracle-financial-services-software,Mid Cap,Jan-2025
97859,90258,1,Metropolis Healthcare Ltd.,Healthcare,Healthcare,Domestic Equities,49930.0,49034.0,1.8273035036913163,8.971922,10.182646,-11.89007258034896,3.63568319061146,1100,metropolis-healthcare,Small Cap,Jan-2025
137768,15760,1,Gujarat Gas Ltd.,Gas Transmission,Gas Transmission,Domestic Equities,182668.0,179390.0,1.8273036401137184,8.877665,8.946178999999999,-0.7658465139139304,3.59748751854727,1100,gujarat-gas,Mid Cap,Jan-2025
171639,5614,1,Havells India Ltd.,Capital Goods,Capital Goods,Domestic Equities,56204.0,55188.0,1.840979923171704,8.80267,9.244542,-4.779814943779796,3.56709736793295,1100,havells-india,Large Cap,Jan-2025
152318,6472,1,Sundram Fasteners Ltd.,Automobile & Ancillaries,Automobile & Ancillaries,Domestic Equities,80164.0,78726.0,1.826588420598024,8.370725,8.338658,0.3845582826397191,3.3920607173949,1100,sundram-fasteners,Small Cap,Jan-2025
171820,5969,1,Colgate-Palmolive (India) Ltd.,FMCG,Fast Moving Consumer Goods,Domestic Equities,29438.0,28891.0,1.893323180229137,8.306079,7.744666,7.249027911597479,3.36586428194436,1100,colgate-palmolive-india,Mid Cap,Jan-2025
152118,7308,1,PI Industries Ltd.,Chemicals,Chemicals,Domestic Equities,23730.0,23317.0,1.7712398679075352,8.266939,8.59383,-3.803787135654306,3.35000361796617,1100,pi-industries,Mid Cap,Jan-2025
133850,17036,1,Mahanagar Gas Ltd.,Gas Transmission,Gas Transmission,Domestic Equities,58710.0,57644.0,1.8492817986260488,8.101099,7.403795,9.418197019231355,3.28280043671571,1100,mahanagar-gas,Small Cap,Jan-2025
77293,6578,1,Muthoot Finance Ltd.,Finance,Finance,Domestic Equities,58434.0,57461.0,1.693322427385531,12.462804,12.979291,-3.9793159734225823,5.48503698281823,1100,muthoot-finance,Mid Cap,Feb-2025
152367,6359,1,Abbott India Ltd.,Healthcare,Healthcare,Domestic Equities,3946.0,3873.0,1.8848437903434032,11.994123,10.136919,18.321188124320607,5.2787645726813,1100,abbott-india,Mid Cap,Feb-2025
95548,5980,1,Persistent Systems Ltd.,IT,Information Technology,Domestic Equities,20849.0,20477.0,1.816672364115837,11.058101,12.352955,-10.482139698557958,4.86680950328187,1100,persistent-systems,Mid Cap,Feb-2025
19182,5589,1,Coromandel International Ltd.,Chemicals,Chemicals,Domestic Equities,66120.0,65047.0,1.6495764600980831,11.021873,11.77058,-6.360833535815562,4.85086510426753,1100,coromandel-international,Mid Cap,Feb-2025
37962,6229,1,Gillette India Ltd.,FMCG,Fast Moving Consumer Goods,Domestic Equities,13472.0,13206.0,2.014235953354536,10.623076,11.366734,-6.542406992193167,4.67534952257042,1100,gillette-india,Small Cap,Feb-2025
352,7184,1,Ipca Laboratories Ltd.,Healthcare,Healthcare,Domestic Equities,76693.0,75360.0,1.7688428874734607,10.394586,10.876709,-4.432618359101097,4.57478819622652,1100,ipca-laboratories,Mid Cap,Feb-2025
171327,5699,1,Marico Ltd.,FMCG,Fast Moving Consumer Goods,Domestic Equities,164911.0,162055.0,1.7623646292925244,9.904555,10.868219,-8.866806971777057,4.3591193822319,1100,marico,Mid Cap,Feb-2025
114530,88033,1,HDFC Asset Management Company Ltd.,Finance,Finance,Domestic Equities,26193.0,25731.0,1.7954995919319108,9.503606,9.95764,-4.5596546972977565,4.18265667823495,1100,hdfc-asset-management-company,Mid Cap,Feb-2025
133642,6320,1,Petronet LNG Ltd.,Inds. Gases & Fuels,Industrials Gases & Fuels,Domestic Equities,332424.0,327026.0,1.650633282980558,9.417572,10.340562,-8.9259171793564,4.14479203142033,1100,petronet-lng,Mid Cap,Feb-2025
171968,4931,1,Zydus Lifesciences Ltd.,Healthcare,Healthcare,Domestic Equities,105889.0,104048.0,1.7693756727664156,9.28223,10.095257,-8.053554258202645,4.08522631287669,1100,zydus-lifesciences,Large Cap,Feb-2025
171799,4956,1,Dabur India Ltd.,FMCG,Fast Moving Consumer Goods,Domestic Equities,184766.0,181800.0,1.6314631463146316,9.114507,9.632673,-5.379254543365065,4.01140930846346,1100,dabur-india,Large Cap,Feb-2025
171387,6208,1,Pidilite Industries Ltd.,Chemicals,Chemicals,Domestic Equities,34257.0,33661.0,1.77059505065209,9.105168,9.666429,-5.806291030534654,4.00729909695869,1100,pidilite-industries,Large Cap,Feb-2025
133495,5019,1,Ajanta Pharma Ltd.,Healthcare,Healthcare,Domestic Equities,35144.0,34532.0,1.7722691995829956,8.736623,9.304475,-6.10299882583381,3.84509780142096,1100,ajanta-pharma,Mid Cap,Feb-2025
38931,15891,1,Alkem Laboratories Ltd.,Healthcare,Healthcare,Domestic Equities,18587.0,18263.0,1.774078738432897,8.635892,9.246648,-6.605161135148652,3.800764819829,1100,alkem-laboratories,Mid Cap,Feb-2025
58595,86782,1,Indian Energy Exchange Ltd.,Power,Power,Domestic Equities,548870.0,539647.0,1.709080195016372,8.55853,9.422237,-9.166687273945673,3.76671682941971,1100,indian-energy-exchange,Small Cap,Feb-2025
171639,5614,1,Havells India Ltd.,Capital Goods,Capital Goods,Domestic Equities,57191.0,56204.0,1.756102768486229,8.131416,8.80267,-7.625572695557145,3.57873857943043,1100,havells-india,Large Cap,Feb-2025
97859,90258,1,Metropolis Healthcare Ltd.,Healthcare,Healthcare,Domestic Equities,50814.0,49930.0,1.7704786701381936,8.051478,8.971922,-10.25916186074734,3.54355685898193,1100,metropolis-healthcare,Small Cap,Feb-2025
650,8558,1,V-Guard Industries Ltd.,Capital Goods,Capital Goods,Domestic Equities,259133.0,254628.0,1.7692476868215592,8.018871,9.279917,-13.588979297982943,3.52920610766635,1100,v-guard-industries,Small Cap,Feb-2025
171698,8307,1,Oracle Financial Services Software Ltd.,IT,Information Technology,Domestic Equities,10008.0,9840.0,1.707317073170732,7.770111000000001,8.976097,-13.43552771321432,3.41972369906506,1100,oracle-financial-services-software,Mid Cap,Feb-2025
171576,15890,1,Dr. Lal Pathlabs Ltd.,Healthcare,Healthcare,Domestic Equities,33486.0,32903.0,1.771874905023858,7.736772999999999,9.38739,-17.583343186977434,3.40505122544409,1100,dr-lal-pathlabs,Small Cap,Feb-2025
152318,6472,1,Sundram Fasteners Ltd.,Automobile & Ancillaries,Automobile & Ancillaries,Domestic Equities,81583.0,80164.0,1.7701212514345592,7.619035999999999,8.370725,-8.97997485283533,3.35323368909785,1100,sundram-fasteners,Small Cap,Feb-2025
133850,17036,1,Mahanagar Gas Ltd.,Gas Transmission,Gas Transmission,Domestic Equities,59717.0,58710.0,1.715210355987055,7.389978999999999,8.101099,-8.7780682596275,3.25242281891379,1100,mahanagar-gas,Small Cap,Feb-2025
171820,5969,1,Colgate-Palmolive (India) Ltd.,FMCG,Fast Moving Consumer Goods,Domestic Equities,29936.0,29438.0,1.6916910116176371,7.378026999999999,8.306079,-11.173166063072602,3.24716259320386,1100,colgate-palmolive-india,Mid Cap,Feb-2025
152118,7308,1,PI Industries Ltd.,Chemicals,Chemicals,Domestic Equities,24163.0,23730.0,1.824694479561736,7.282607,8.266939,-11.90684968160524,3.20516704959261,1100,pi-industries,Mid Cap,Feb-2025
137768,15760,1,Gujarat Gas Ltd.,Gas Transmission,Gas Transmission,Domestic Equities,185900.0,182668.0,1.7693301508748112,6.884807,8.877665,-22.447997305597813,3.03009026015059,1100,gujarat-gas,Mid Cap,Feb-2025
77293,6578,1,Muthoot Finance Ltd.,Finance,Finance,Domestic Equities,59197.0,58434.0,1.305746654345073,14.106053,12.462804,13.185227016327932,5.69482047723306,1100,muthoot-finance,Mid Cap,Mar-2025
19182,5589,1,Coromandel International Ltd.,Chemicals,Chemicals,Domestic Equities,66993.0,66120.0,1.3203266787658805,13.278683,11.021873,20.47573946823739,5.36079907392142,1100,coromandel-international,Mid Cap,Mar-2025
152367,6359,1,Abbott India Ltd.,Healthcare,Healthcare,Domestic Equities,3995.0,3946.0,1.2417638114546377,12.27286,11.994123,2.323946486124921,4.95473357729583,1100,abbott-india,Mid Cap,Mar-2025
352,7184,1,Ipca Laboratories Ltd.,Healthcare,Healthcare,Domestic Equities,77636.0,76693.0,1.2295776668014031,11.660151,10.394586,12.175232375777174,4.7073739679292,1100,ipca-laboratories,Mid Cap,Mar-2025
95548,5980,1,Persistent Systems Ltd.,IT,Information Technology,Domestic Equities,21106.0,20849.0,1.2326730298815292,11.637321,11.058101,5.237969882894,4.69815716210157,1100,persistent-systems,Mid Cap,Mar-2025
37962,6229,1,Gillette India Ltd.,FMCG,Fast Moving Consumer Goods,Domestic Equities,13605.0,13472.0,0.9872327790973872,10.915632,10.623076,2.7539669301057392,4.40680072842066,1100,gillette-india,Small Cap,Mar-2025
171327,5699,1,Marico Ltd.,FMCG,Fast Moving Consumer Goods,Domestic Equities,166946.0,164911.0,1.2339989448854232,10.879036,9.904555,9.838715621247,4.39202638649916,1100,marico,Mid Cap,Mar-2025
114530,88033,1,HDFC Asset Management Company Ltd.,Finance,Finance,Domestic Equities,26517.0,26193.0,1.2369717099988546,10.643659,9.503606,11.996004463989776,4.29700123953071,1100,hdfc-asset-management-company,Mid Cap,Mar-2025
171387,6208,1,Pidilite Industries Ltd.,Chemicals,Chemicals,Domestic Equities,34680.0,34257.0,1.2347841317103072,9.881372,9.105168,8.524872907342294,3.98925479783448,1100,pidilite-industries,Large Cap,Mar-2025
133642,6320,1,Petronet LNG Ltd.,Inds. Gases & Fuels,Industrials Gases & Fuels,Domestic Equities,336526.0,332424.0,1.2339662599571632,9.880403,9.417572,4.914546976651731,3.988863598323,1100,petronet-lng,Mid Cap,Mar-2025
58595,86782,1,Indian Energy Exchange Ltd.,Power,Power,Domestic Equities,555782.0,548870.0,1.2593145917976931,9.76898,8.55853,14.143199825203636,3.94388049907938,1100,indian-energy-exchange,Small Cap,Mar-2025
171968,4931,1,Zydus Lifesciences Ltd.,Healthcare,Healthcare,Domestic Equities,107197.0,105889.0,1.235255786720056,9.501942,9.28223,2.3670174085322246,3.83607334206676,1100,zydus-lifesciences,Large Cap,Mar-2025
171799,4956,1,Dabur India Ltd.,FMCG,Fast Moving Consumer Goods,Domestic Equities,187065.0,184766.0,1.244276544385872,9.474842,9.114507,3.953422823637088,3.82513267461478,1100,dabur-india,Large Cap,Mar-2025
133495,5019,1,Ajanta Pharma Ltd.,Healthcare,Healthcare,Domestic Equities,35577.0,35144.0,1.232073753699067,9.331847,8.736623,6.812975677215334,3.76740349593227,1100,ajanta-pharma,Mid Cap,Mar-2025
650,8558,1,V-Guard Industries Ltd.,Capital Goods,Capital Goods,Domestic Equities,262320.0,259133.0,1.22987037544427,9.326788,8.018871,16.31048809738927,3.76536110343635,1100,v-guard-industries,Small Cap,Mar-2025
38931,15891,1,Alkem Laboratories Ltd.,Healthcare,Healthcare,Domestic Equities,18816.0,18587.0,1.232043901651692,9.185407,8.635892,6.363152758279053,3.70828352022496,1100,alkem-laboratories,Mid Cap,Mar-2025
171639,5614,1,Havells India Ltd.,Capital Goods,Capital Goods,Domestic Equities,57897.0,57191.0,1.2344599674774004,8.851872,8.131416,8.8601542461977,3.57363054905904,1100,havells-india,Large Cap,Mar-2025
171576,15890,1,Dr. Lal Pathlabs Ltd.,Healthcare,Healthcare,Domestic Equities,33898.0,33486.0,1.230364928626889,8.402636,7.736772999999999,8.60646938975721,3.39226738730782,1100,dr-lal-pathlabs,Small Cap,Mar-2025
133850,17036,1,Mahanagar Gas Ltd.,Gas Transmission,Gas Transmission,Domestic Equities,60473.0,59717.0,1.2659711639901534,8.387303000000001,7.389978999999999,13.49562698351377,3.38607723033213,1100,mahanagar-gas,Small Cap,Mar-2025
152118,7308,1,PI Industries Ltd.,Chemicals,Chemicals,Domestic Equities,24460.0,24163.0,1.229152009270372,8.385377,7.282607,15.142516958556175,3.38529967588518,1100,pi-industries,Mid Cap,Mar-2025
97859,90258,1,Metropolis Healthcare Ltd.,Healthcare,Healthcare,Domestic Equities,51438.0,50814.0,1.2280080292832685,8.047732,8.051478,-0.0465256192713917,3.24898743744148,1100,metropolis-healthcare,Small Cap,Mar-2025
171698,8307,1,Oracle Financial Services Software Ltd.,IT,Information Technology,Domestic Equities,10131.0,10008.0,1.229016786570743,7.953747,7.770111000000001,2.363363921055942,3.21104431454575,1100,oracle-financial-services-software,Mid Cap,Mar-2025
137768,15760,1,Gujarat Gas Ltd.,Gas Transmission,Gas Transmission,Domestic Equities,188119.0,185900.0,1.193652501344809,7.757087,6.884807,12.669636200404758,3.13164978830566,1100,gujarat-gas,Mid Cap,Mar-2025
152318,6472,1,Sundram Fasteners Ltd.,Automobile & Ancillaries,Automobile & Ancillaries,Domestic Equities,82587.0,81583.0,1.2306485419756568,7.541431999999999,7.619035999999999,-1.0185540532949318,3.04458670198252,1100,sundram-fasteners,Small Cap,Mar-2025
171820,5969,1,Colgate-Palmolive (India) Ltd.,FMCG,Fast Moving Consumer Goods,Domestic Equities,30312.0,29936.0,1.2560128273650455,7.243962,7.378026999999999,-1.817084702997148,2.92449370025039,1100,colgate-palmolive-india,Mid Cap,Mar-2025
171576,15890,1,Dr. Lal Pathlabs Ltd.,Healthcare,Healthcare,Domestic Equities,40317.0,33898.0,18.93622042598384,11.164179999999998,8.402636,32.86521039350031,4.33900074297034,1100,dr-lal-pathlabs,Small Cap,Apr-2025
19182,5589,1,Coromandel International Ltd.,Chemicals,Chemicals,Domestic Equities,50411.0,66993.0,-24.751839744450912,11.162004,13.278683,-15.940428730770977,4.33815503234791,1100,coromandel-international,Mid Cap,Apr-2025
171327,5699,1,Marico Ltd.,FMCG,Fast Moving Consumer Goods,Domestic Equities,153362.0,166946.0,-8.136762785571381,10.895603,10.879036,0.1522837133731334,4.23461727705123,1100,marico,Mid Cap,Apr-2025
114530,88033,1,HDFC Asset Management Company Ltd.,Finance,Finance,Domestic Equities,24895.0,26517.0,-6.116830712373194,10.890069,10.643659,2.315087321004936,4.23246646703997,1100,hdfc-asset-management-company,Mid Cap,Apr-2025
97859,90258,1,Metropolis Healthcare Ltd.,Healthcare,Healthcare,Domestic Equities,63879.0,51438.0,24.18639916015397,10.869012,8.047732,35.05683340349803,4.2242825844221,1100,metropolis-healthcare,Small Cap,Apr-2025
58595,86782,1,Indian Energy Exchange Ltd.,Power,Power,Domestic Equities,568543.0,555782.0,2.296044132411629,10.822216,9.76898,10.781432657247745,4.20609514219454,1100,indian-energy-exchange,Small Cap,Apr-2025
134131,90516,1,Polycab India Ltd.,Electricals,Electricals,Domestic Equities,19419.0,,,10.719288,,,4.16609178606159,1100,polycab-india,Large Cap,Apr-2025
133642,6320,1,Petronet LNG Ltd.,Inds. Gases & Fuels,Industrials Gases & Fuels,Domestic Equities,340380.0,336526.0,1.145230977695631,10.679423,9.880403,8.086917102470409,4.15059810317413,1100,petronet-lng,Mid Cap,Apr-2025
171321,7864,1,Page Industries Ltd.,Textile,Textile,Domestic Equities,2338.0,,,10.664787,,,4.14490976646923,1100,page-industries,Mid Cap,Apr-2025
171387,6208,1,Pidilite Industries Ltd.,Chemicals,Chemicals,Domestic Equities,35077.0,34680.0,1.1447520184544406,10.642011,9.881372,7.697706350899448,4.13605778800579,1100,pidilite-industries,Large Cap,Apr-2025
38931,15891,1,Alkem Laboratories Ltd.,Healthcare,Healthcare,Domestic Equities,20484.0,18816.0,8.864795918367346,10.479614,9.185407,14.089816597130634,4.07294158030795,1100,alkem-laboratories,Mid Cap,Apr-2025
171639,5614,1,Havells India Ltd.,Capital Goods,Capital Goods,Domestic Equities,65359.0,57897.0,12.888405271430296,10.463976,8.851872,18.212012103202586,4.0668638125168,1100,havells-india,Large Cap,Apr-2025
133495,5019,1,Ajanta Pharma Ltd.,Healthcare,Healthcare,Domestic Equities,38097.0,35577.0,7.083227928155831,10.309429,9.331847,10.47576112210155,4.00679853698166,1100,ajanta-pharma,Mid Cap,Apr-2025
165,7447,1,SRF Ltd.,Chemicals,Chemicals,Domestic Equities,34012.0,,,10.233871,,,3.97743263477144,1100,srf,Mid Cap,Apr-2025
650,8558,1,V-Guard Industries Ltd.,Capital Goods,Capital Goods,Domestic Equities,281060.0,262320.0,7.143946325099115,10.136429,9.326788,8.68081272995591,3.93956143326837,1100,v-guard-industries,Small Cap,Apr-2025
37962,6229,1,Gillette India Ltd.,FMCG,Fast Moving Consumer Goods,Domestic Equities,12462.0,13605.0,-8.401323042998897,10.015086,10.915632,-8.250058265064272,3.89240101780084,1100,gillette-india,Small Cap,Apr-2025
77639,92991,1,SBI Cards And Payment Services Ltd.,Finance,Finance,Domestic Equities,113431.0,,,9.908765,,,3.85107895939679,1100,sbi-cards-and-payment-services,Mid Cap,Apr-2025
19255,6350,1,Mphasis Ltd.,IT,Information Technology,Domestic Equities,39962.0,,,9.866618,,,3.83469836858636,1100,mphasis,Mid Cap,Apr-2025
152367,6359,1,Abbott India Ltd.,Healthcare,Healthcare,Domestic Equities,3256.0,3995.0,-18.49812265331665,9.763116,12.27286,-20.44954476788622,3.79447192518444,1100,abbott-india,Mid Cap,Apr-2025
133850,17036,1,Mahanagar Gas Ltd.,Gas Transmission,Gas Transmission,Domestic Equities,72049.0,60473.0,19.14242719891521,9.698516,8.387303000000001,15.633309062519846,3.76936489108109,1100,mahanagar-gas,Small Cap,Apr-2025
19174,6780,1,Bayer CropScience Ltd.,Chemicals,Chemicals,Domestic Equities,20366.0,,,9.552469,,,3.71260317266482,1100,bayer-cropscience,Small Cap,Apr-2025
352,7184,1,Ipca Laboratories Ltd.,Healthcare,Healthcare,Domestic Equities,67636.0,77636.0,-12.880622391673963,9.477156,11.660151,-18.721841595361848,3.68333249063037,1100,ipca-laboratories,Mid Cap,Apr-2025
133635,5732,1,Indraprastha Gas Ltd.,Gas Transmission,Gas Transmission,Domestic Equities,491995.0,,,9.475332,,,3.68262358613804,1100,indraprastha-gas,Mid Cap,Apr-2025
77293,6578,1,Muthoot Finance Ltd.,Finance,Finance,Domestic Equities,41997.0,59197.0,-29.055526462489656,9.112929,14.106053,-35.397031331159745,3.54177429077961,1100,muthoot-finance,Mid Cap,Apr-2025
133657,7260,1,Coforge Ltd.,IT,Information Technology,Domestic Equities,12311.0,,,8.993186,,,3.49523572135799,1100,coforge,Mid Cap,Apr-2025
114530,88033,1,HDFC Asset Management Company Ltd.,Finance,Finance,Domestic Equities,25317.0,24895.0,1.6951195019080136,12.109121,10.890069,11.194162314306723,4.47062855667926,1100,hdfc-asset-management-company,Mid Cap,May-2025
37962,6229,1,Gillette India Ltd.,FMCG,Fast Moving Consumer Goods,Domestic Equities,12664.0,12462.0,1.6209276199646925,11.933287,10.015086,19.153115609791072,4.40571149939367,1100,gillette-india,Small Cap,May-2025
134131,90516,1,Polycab India Ltd.,Electricals,Electricals,Domestic Equities,19748.0,19419.0,1.694217003965189,11.831027,10.719288,10.37138847281648,4.36795760493626,1100,polycab-india,Large Cap,May-2025
19174,6780,1,Bayer CropScience Ltd.,Chemicals,Chemicals,Domestic Equities,20711.0,20366.0,1.6939998035942256,11.760327,9.552469,23.11295645136352,4.34185550892473,1100,bayer-cropscience,Small Cap,May-2025
19182,5589,1,Coromandel International Ltd.,Chemicals,Chemicals,Domestic Equities,51267.0,50411.0,1.6980420939874237,11.737067,11.162004,5.151969126690871,4.33326803009548,1100,coromandel-international,Mid Cap,May-2025
58595,86782,1,Indian Energy Exchange Ltd.,Power,Power,Domestic Equities,578217.0,568543.0,1.7015423635503384,11.596142,10.822216,7.151271052065482,4.28123920576132,1100,indian-energy-exchange,Small Cap,May-2025
171576,15890,1,Dr. Lal Pathlabs Ltd.,Healthcare,Healthcare,Domestic Equities,40974.0,40317.0,1.629585534637994,11.417815,11.164179999999998,2.2718641225777585,4.21540174500534,1100,dr-lal-pathlabs,Small Cap,May-2025
171327,5699,1,Marico Ltd.,FMCG,Fast Moving Consumer Goods,Domestic Equities,155895.0,153362.0,1.6516477354233772,11.169097,10.895603,2.5101318394218133,4.1235762695344,1100,marico,Mid Cap,May-2025
171387,6208,1,Pidilite Industries Ltd.,Chemicals,Chemicals,Domestic Equities,35673.0,35077.0,1.6991190808792085,11.084314999999998,10.642011,4.156206942466036,4.09227516763837,1100,pidilite-industries,Large Cap,May-2025
171321,7864,1,Page Industries Ltd.,Textile,Textile,Domestic Equities,2378.0,2338.0,1.710863986313088,11.029164000000002,10.664787,3.4166364504045115,4.0719136867737,1100,page-industries,Mid Cap,May-2025
97859,90258,1,Metropolis Healthcare Ltd.,Healthcare,Healthcare,Domestic Equities,64965.0,63879.0,1.700089231202743,10.91477,10.869012,0.4209950269628988,4.02967997855386,1100,metropolis-healthcare,Small Cap,May-2025
650,8558,1,V-Guard Industries Ltd.,Capital Goods,Capital Goods,Domestic Equities,285842.0,281060.0,1.7014160677435424,10.843416,10.136429,6.974714665292868,4.00333642892434,1100,v-guard-industries,Small Cap,May-2025
133657,7260,1,Coforge Ltd.,IT,Information Technology,Domestic Equities,12523.0,12311.0,1.7220372025018276,10.707791,8.993186,19.06560144536097,3.95326433880322,1100,coforge,Mid Cap,May-2025
133642,6320,1,Petronet LNG Ltd.,Inds. Gases & Fuels,Industrials Gases & Fuels,Domestic Equities,346171.0,340380.0,1.701333803396204,10.637835,10.679423,-0.3894217880497784,3.92743692397178,1100,petronet-lng,Mid Cap,May-2025
77639,92991,1,SBI Cards And Payment Services Ltd.,Finance,Finance,Domestic Equities,115347.0,113431.0,1.689132600435507,10.624035,9.908765,7.2185585186448495,3.92234203111522,1100,sbi-cards-and-payment-services,Mid Cap,May-2025
38931,15891,1,Alkem Laboratories Ltd.,Healthcare,Healthcare,Domestic Equities,20832.0,20484.0,1.698886936145284,10.621195,10.479614,1.3510135010698012,3.92129351693314,1100,alkem-laboratories,Mid Cap,May-2025
19255,6350,1,Mphasis Ltd.,IT,Information Technology,Domestic Equities,40641.0,39962.0,1.6991141584505278,10.399219,9.866618,5.398009733426396,3.8393410577499,1100,mphasis,Mid Cap,May-2025
133635,5732,1,Indraprastha Gas Ltd.,Gas Transmission,Gas Transmission,Domestic Equities,500367.0,491995.0,1.7016433093832255,10.340584,9.475332,9.131627261187251,3.81769330103652,1100,indraprastha-gas,Mid Cap,May-2025
171639,5614,1,Havells India Ltd.,Capital Goods,Capital Goods,Domestic Equities,66470.0,65359.0,1.6998424088495847,10.149969,10.463976,-3.0008383046750136,3.74731917046739,1100,havells-india,Large Cap,May-2025
152367,6359,1,Abbott India Ltd.,Healthcare,Healthcare,Domestic Equities,3311.0,3256.0,1.6891891891891893,10.083651,9.763116,3.283121904932809,3.72283488753538,1100,abbott-india,Mid Cap,May-2025
165,7447,1,SRF Ltd.,Chemicals,Chemicals,Domestic Equities,34590.0,34012.0,1.6994002116899918,9.896199,10.233871,-3.2995530234844668,3.65362852117678,1100,srf,Mid Cap,May-2025
133495,5019,1,Ajanta Pharma Ltd.,Healthcare,Healthcare,Domestic Equities,38744.0,38097.0,1.6982964537890122,9.727844,10.309429,-5.641292063799072,3.59147267430237,1100,ajanta-pharma,Mid Cap,May-2025
133850,17036,1,Mahanagar Gas Ltd.,Gas Transmission,Gas Transmission,Domestic Equities,73274.0,72049.0,1.7002317867007175,9.71027,9.698516,0.121193799133814,3.58498443900808,1100,mahanagar-gas,Small Cap,May-2025
352,7184,1,Ipca Laboratories Ltd.,Healthcare,Healthcare,Domestic Equities,67712.0,67636.0,0.1123661955171802,9.647606,9.477156,1.7985353411930711,3.56184919509766,1100,ipca-laboratories,Mid Cap,May-2025
77293,6578,1,Muthoot Finance Ltd.,Finance,Finance,Domestic Equities,42658.0,41997.0,1.5739219468057242,9.450453,9.112929,3.70379271033495,3.48906126673895,1100,muthoot-finance,Mid Cap,May-2025
